title,price,rating,url
"Keurig K-Express Single Serve K-Cup Pod Coffee Maker, 3 Brew Sizes, Strong Button Feature, 42oz Removable Reservoir, Black",$89.99,4.4 out of 5 stars,https://www.amazon.com/Keurig-K-Express-Coffee-Single-Brewer/dp/B09715G57M/ref=sr_1_1?dib=eyJ2IjoiMSJ9.FfEapkjfnA9o7wBdVCAwb3gnudX7QFytbAkdasjCL7LZIAbD6YomJdV73nvlNbDvapx107NCZhHPmLBRL5JrA2-8CaCPerSouR9DdLJIRkhiH3G8txWb0VimkpMGFeE9cf_EzoAg7GZHsXCZEe4KVWU4QL9ARVqvqibwk7pPRhVAHTJHMe8IEHAMNNryYN3gYy5loDx-z9H0M0ZNHgLC1h9IUFnirkOeeP-0iW7C3CpMu7dM8OzKVo2b3eemAru-xE1wU6MthRCZwRItilOf-yK9OqT82o3XTl8YX96HEBY.7Rk1eCu5CyTc3AoqRXs0WGOli15NSVSV62yoC-vYRCk&dib_tag=se&keywords=home+appliances&qid=1758708487&sr=8-1
"TrendPlain 16oz/470ml Glass Olive Oil Sprayer for Cooking – 2 in 1 Olive Oil Dispenser Bottle for Kitchen Gadgets and Air Fryer Accessories, Salad, BBQ - Black",Not Listed,4.5 out of 5 stars,https://www.amazon.com/TrendPlain-16oz-Dispenser-Bottle-Kitchen/dp/B0CJF94M8J/ref=sr_1_2?dib=eyJ2IjoiMSJ9.FfEapkjfnA9o7wBdVCAwb3gnudX7QFytbAkdasjCL7LZIAbD6YomJdV73nvlNbDvapx107NCZhHPmLBRL5JrA2-8CaCPerSouR9DdLJIRkhiH3G8txWb0VimkpMGFeE9cf_EzoAg7GZHsXCZEe4KVWU4QL9ARVqvqibwk7pPRhVAHTJHMe8IEHAMNNryYN3gYy5loDx-z9H0M0ZNHgLC1h9IUFnirkOeeP-0iW7C3CpMu7dM8OzKVo2b3eemAru-xE1wU6MthRCZwRItilOf-yK9OqT82o3XTl8YX96HEBY.7Rk1eCu5CyTc3AoqRXs0WGOli15NSVSV62yoC-vYRCk&dib_tag=se&keywords=home+appliances&qid=1758708487&sr=8-2
"Food Vacuum Sealer Machine, 75KPA Strong Suction, Dry/Wet Modes, 20 Vacuum Seal Bags for Food, Digital Countdown Timer, Compact Lightweight, Ideal for Home Kitchen Use",Not Listed,4.7 out of 5 stars,https://www.amazon.com/Machine-Suction-Digital-Countdown-Lightweight/dp/B0FLXL6F8T/ref=sr_1_3?dib=eyJ2IjoiMSJ9.FfEapkjfnA9o7wBdVCAwb3gnudX7QFytbAkdasjCL7LZIAbD6YomJdV73nvlNbDvapx107NCZhHPmLBRL5JrA2-8CaCPerSouR9DdLJIRkhiH3G8txWb0VimkpMGFeE9cf_EzoAg7GZHsXCZEe4KVWU4QL9ARVqvqibwk7pPRhVAHTJHMe8IEHAMNNryYN3gYy5loDx-z9H0M0ZNHgLC1h9IUFnirkOeeP-0iW7C3CpMu7dM8OzKVo2b3eemAru-xE1wU6MthRCZwRItilOf-yK9OqT82o3XTl8YX96HEBY.7Rk1eCu5CyTc3AoqRXs0WGOli15NSVSV62yoC-vYRCk&dib_tag=se&keywords=home+appliances&qid=1758708487&sr=8-3
"Hot Air Popcorn Maker, 12-Cup Electric Pop Corn Popper machine with Measuring Cup & Butter Melter, Fast Popping & Oil-Free, BPA-Free kitchen appliances for Home Movie Nights & Parties - Aqua",Not Listed,5.0 out of 5 stars,https://www.amazon.com/sspa/click?ie=UTF8&spc=MTo3MDExNDE4Nzc1OTg1ODc3OjE3NTg3MDg0ODg6c3BfYXRmOjMwMDk3MDg0MTY0MjgwMjo6MDo6&url=%2FElectric-Measuring-Oil-Free-BPA-Free-appliances%2Fdp%2FB0FJR71P97%2Fref%3Dsr_1_4_sspa%3Fdib%3DeyJ2IjoiMSJ9.FfEapkjfnA9o7wBdVCAwb3gnudX7QFytbAkdasjCL7LZIAbD6YomJdV73nvlNbDvapx107NCZhHPmLBRL5JrA2-8CaCPerSouR9DdLJIRkhiH3G8txWb0VimkpMGFeE9cf_EzoAg7GZHsXCZEe4KVWU4QL9ARVqvqibwk7pPRhVAHTJHMe8IEHAMNNryYN3gYy5loDx-z9H0M0ZNHgLC1h9IUFnirkOeeP-0iW7C3CpMu7dM8OzKVo2b3eemAru-xE1wU6MthRCZwRItilOf-yK9OqT82o3XTl8YX96HEBY.7Rk1eCu5CyTc3AoqRXs0WGOli15NSVSV62yoC-vYRCk%26dib_tag%3Dse%26keywords%3Dhome%2Bappliances%26qid%3D1758708487%26sr%3D8-4-spons%26sp_csd%3Dd2lkZ2V0TmFtZT1zcF9hdGY%26psc%3D1
"Adhesive Shower Caddy, 5 Pack Rustproof Stainless Steel Bath Organizers With Large Capacity, No Drilling Shelves for Bathroom Storage & Home Decor-XL Size",Not Listed,4.5 out of 5 stars,https://www.amazon.com/EUDELE-Adhesive-Organizer-Rustproof-Stainless/dp/B0BLSCY6PR/ref=sr_1_5?dib=eyJ2IjoiMSJ9.FfEapkjfnA9o7wBdVCAwb3gnudX7QFytbAkdasjCL7LZIAbD6YomJdV73nvlNbDvapx107NCZhHPmLBRL5JrA2-8CaCPerSouR9DdLJIRkhiH3G8txWb0VimkpMGFeE9cf_EzoAg7GZHsXCZEe4KVWU4QL9ARVqvqibwk7pPRhVAHTJHMe8IEHAMNNryYN3gYy5loDx-z9H0M0ZNHgLC1h9IUFnirkOeeP-0iW7C3CpMu7dM8OzKVo2b3eemAru-xE1wU6MthRCZwRItilOf-yK9OqT82o3XTl8YX96HEBY.7Rk1eCu5CyTc3AoqRXs0WGOli15NSVSV62yoC-vYRCk&dib_tag=se&keywords=home+appliances&qid=1758708487&sr=8-5
"Ninja Professional Blender 1000W, Total Crushing Technology- Smoothies, Ice Crushing & Frozen Fruit, Full-Size Countertop Blender, 72-oz. Pitcher, Black & Grey, BL610",$99.99,4.6 out of 5 stars,https://www.amazon.com/Ninja-Professional-Countertop-Technology-BL610/dp/B00NGV4506/ref=sr_1_6?dib=eyJ2IjoiMSJ9.FfEapkjfnA9o7wBdVCAwb3gnudX7QFytbAkdasjCL7LZIAbD6YomJdV73nvlNbDvapx107NCZhHPmLBRL5JrA2-8CaCPerSouR9DdLJIRkhiH3G8txWb0VimkpMGFeE9cf_EzoAg7GZHsXCZEe4KVWU4QL9ARVqvqibwk7pPRhVAHTJHMe8IEHAMNNryYN3gYy5loDx-z9H0M0ZNHgLC1h9IUFnirkOeeP-0iW7C3CpMu7dM8OzKVo2b3eemAru-xE1wU6MthRCZwRItilOf-yK9OqT82o3XTl8YX96HEBY.7Rk1eCu5CyTc3AoqRXs0WGOli15NSVSV62yoC-vYRCk&dib_tag=se&keywords=home+appliances&qid=1758708487&sr=8-6
"Cisily Black Sponge Holder for Kitchen Sink, Sink Caddy Organizer with High Brush Holder, Kitchen Countertop Organizers and Storage Essentials, Rustproof 304 Stainless Steel, Soap Dispenser Organize",Not Listed,4.4 out of 5 stars,https://www.amazon.com/Cisily-Organzier-Rustproof-Stainless-Organizer/dp/B0C3QZ7SNF/ref=sr_1_7?dib=eyJ2IjoiMSJ9.FfEapkjfnA9o7wBdVCAwb3gnudX7QFytbAkdasjCL7LZIAbD6YomJdV73nvlNbDvapx107NCZhHPmLBRL5JrA2-8CaCPerSouR9DdLJIRkhiH3G8txWb0VimkpMGFeE9cf_EzoAg7GZHsXCZEe4KVWU4QL9ARVqvqibwk7pPRhVAHTJHMe8IEHAMNNryYN3gYy5loDx-z9H0M0ZNHgLC1h9IUFnirkOeeP-0iW7C3CpMu7dM8OzKVo2b3eemAru-xE1wU6MthRCZwRItilOf-yK9OqT82o3XTl8YX96HEBY.7Rk1eCu5CyTc3AoqRXs0WGOli15NSVSV62yoC-vYRCk&dib_tag=se&keywords=home+appliances&qid=1758708487&sr=8-7
"Ninja NC301 CREAMi Ice Cream Maker, for Gelato, Mix-ins, Milkshakes, Sorbet, Smoothie Bowls & More, 7 One-Touch Programs, with (2) Pint Containers & Lids, Compact Size, Perfect for Kids, Silver",$199.95,4.4 out of 5 stars,https://www.amazon.com/Ninja-NC301-placeholder-Cream-Maker/dp/B08QXB9BH5/ref=sr_1_8?dib=eyJ2IjoiMSJ9.FfEapkjfnA9o7wBdVCAwb3gnudX7QFytbAkdasjCL7LZIAbD6YomJdV73nvlNbDvapx107NCZhHPmLBRL5JrA2-8CaCPerSouR9DdLJIRkhiH3G8txWb0VimkpMGFeE9cf_EzoAg7GZHsXCZEe4KVWU4QL9ARVqvqibwk7pPRhVAHTJHMe8IEHAMNNryYN3gYy5loDx-z9H0M0ZNHgLC1h9IUFnirkOeeP-0iW7C3CpMu7dM8OzKVo2b3eemAru-xE1wU6MthRCZwRItilOf-yK9OqT82o3XTl8YX96HEBY.7Rk1eCu5CyTc3AoqRXs0WGOli15NSVSV62yoC-vYRCk&dib_tag=se&keywords=home+appliances&qid=1758708487&sr=8-8
"Magic Bullet Blender, Small, Silver, 11 Piece Set",$41.94,4.4 out of 5 stars,https://www.amazon.com/Magic-Bullet-Blender-Small-Silver/dp/B012T634SM/ref=sr_1_9?dib=eyJ2IjoiMSJ9.FfEapkjfnA9o7wBdVCAwb3gnudX7QFytbAkdasjCL7LZIAbD6YomJdV73nvlNbDvapx107NCZhHPmLBRL5JrA2-8CaCPerSouR9DdLJIRkhiH3G8txWb0VimkpMGFeE9cf_EzoAg7GZHsXCZEe4KVWU4QL9ARVqvqibwk7pPRhVAHTJHMe8IEHAMNNryYN3gYy5loDx-z9H0M0ZNHgLC1h9IUFnirkOeeP-0iW7C3CpMu7dM8OzKVo2b3eemAru-xE1wU6MthRCZwRItilOf-yK9OqT82o3XTl8YX96HEBY.7Rk1eCu5CyTc3AoqRXs0WGOli15NSVSV62yoC-vYRCk&dib_tag=se&keywords=home+appliances&qid=1758708487&sr=8-9
"Knife Set, 15 Pcs Kitchen Knife Set with Block Self Sharpening, Dishwasher Safe, 6 Steak Knives, Anti-slip handle, Black",Not Listed,4.6 out of 5 stars,https://www.amazon.com/Dishwasher-Kitchen-kitchen-Sharpening-Anti-slip/dp/B0BKRVT66L/ref=sr_1_10?dib=eyJ2IjoiMSJ9.FfEapkjfnA9o7wBdVCAwb3gnudX7QFytbAkdasjCL7LZIAbD6YomJdV73nvlNbDvapx107NCZhHPmLBRL5JrA2-8CaCPerSouR9DdLJIRkhiH3G8txWb0VimkpMGFeE9cf_EzoAg7GZHsXCZEe4KVWU4QL9ARVqvqibwk7pPRhVAHTJHMe8IEHAMNNryYN3gYy5loDx-z9H0M0ZNHgLC1h9IUFnirkOeeP-0iW7C3CpMu7dM8OzKVo2b3eemAru-xE1wU6MthRCZwRItilOf-yK9OqT82o3XTl8YX96HEBY.7Rk1eCu5CyTc3AoqRXs0WGOli15NSVSV62yoC-vYRCk&dib_tag=se&keywords=home+appliances&qid=1758708487&sr=8-10
"Cuisinart 14-Cup Coffee Maker, Programmable PerfecTemp Glass Carafe Coffee Machine with 1-4 Cup Setting, Brew Strength Control and Brew Pause, Stainless Steel, DCC-3200NAS",$89.95,4.4 out of 5 stars,https://www.amazon.com/Cuisinart-DCC-3200-PerfecTemp-Programmable-Coffeemaker/dp/B00MVWGQX0/ref=sr_1_11?dib=eyJ2IjoiMSJ9.FfEapkjfnA9o7wBdVCAwb3gnudX7QFytbAkdasjCL7LZIAbD6YomJdV73nvlNbDvapx107NCZhHPmLBRL5JrA2-8CaCPerSouR9DdLJIRkhiH3G8txWb0VimkpMGFeE9cf_EzoAg7GZHsXCZEe4KVWU4QL9ARVqvqibwk7pPRhVAHTJHMe8IEHAMNNryYN3gYy5loDx-z9H0M0ZNHgLC1h9IUFnirkOeeP-0iW7C3CpMu7dM8OzKVo2b3eemAru-xE1wU6MthRCZwRItilOf-yK9OqT82o3XTl8YX96HEBY.7Rk1eCu5CyTc3AoqRXs0WGOli15NSVSV62yoC-vYRCk&dib_tag=se&keywords=home+appliances&qid=1758708487&sr=8-11
"Instant Pot Duo 7-in-1 Electric Pressure Cooker, Slow Cooker, Rice, Steamer, Sauté, Yogurt Maker, Warmer & Sterilizer, Includes App With Over 800 Recipes, Stainless Steel, 6 Quart",$99.99,4.6 out of 5 stars,https://www.amazon.com/Instant-Pot-Multi-Use-Programmable-Pressure/dp/B00FLYWNYQ/ref=sr_1_12?dib=eyJ2IjoiMSJ9.FfEapkjfnA9o7wBdVCAwb3gnudX7QFytbAkdasjCL7LZIAbD6YomJdV73nvlNbDvapx107NCZhHPmLBRL5JrA2-8CaCPerSouR9DdLJIRkhiH3G8txWb0VimkpMGFeE9cf_EzoAg7GZHsXCZEe4KVWU4QL9ARVqvqibwk7pPRhVAHTJHMe8IEHAMNNryYN3gYy5loDx-z9H0M0ZNHgLC1h9IUFnirkOeeP-0iW7C3CpMu7dM8OzKVo2b3eemAru-xE1wU6MthRCZwRItilOf-yK9OqT82o3XTl8YX96HEBY.7Rk1eCu5CyTc3AoqRXs0WGOli15NSVSV62yoC-vYRCk&dib_tag=se&keywords=home+appliances&qid=1758708487&sr=8-12
"Mixing Bowls with Airtight Lids Set, 26PCS Stainless Steel Khaki Bowls with Grater Attachments, Non-Slip Bottoms & Kitchen Gadgets Set, Size 7, 4, 2.5, 2.0,1.5, 1QT, Great for Mixing & Serving",Not Listed,4.7 out of 5 stars,https://www.amazon.com/Airtight-Stainless-Attachments-Non-Slip-Bottoms/dp/B0BWHJ1FNK/ref=sr_1_13?dib=eyJ2IjoiMSJ9.FfEapkjfnA9o7wBdVCAwb3gnudX7QFytbAkdasjCL7LZIAbD6YomJdV73nvlNbDvapx107NCZhHPmLBRL5JrA2-8CaCPerSouR9DdLJIRkhiH3G8txWb0VimkpMGFeE9cf_EzoAg7GZHsXCZEe4KVWU4QL9ARVqvqibwk7pPRhVAHTJHMe8IEHAMNNryYN3gYy5loDx-z9H0M0ZNHgLC1h9IUFnirkOeeP-0iW7C3CpMu7dM8OzKVo2b3eemAru-xE1wU6MthRCZwRItilOf-yK9OqT82o3XTl8YX96HEBY.7Rk1eCu5CyTc3AoqRXs0WGOli15NSVSV62yoC-vYRCk&dib_tag=se&keywords=home+appliances&qid=1758708487&sr=8-13
"2 Pieces Dryer Vent Cleaner Kit Compatible with All Vacuum Cleaner, Dryer Lint Brush and Vacuum Hose Attachment with Stretch Universal Connector, Quickly Lint Remover",Not Listed,4.5 out of 5 stars,https://www.amazon.com/PetOde-Compatible-Vacuum-Hose-Attachment/dp/B0CQY6MPNG/ref=sr_1_14?dib=eyJ2IjoiMSJ9.FfEapkjfnA9o7wBdVCAwb3gnudX7QFytbAkdasjCL7LZIAbD6YomJdV73nvlNbDvapx107NCZhHPmLBRL5JrA2-8CaCPerSouR9DdLJIRkhiH3G8txWb0VimkpMGFeE9cf_EzoAg7GZHsXCZEe4KVWU4QL9ARVqvqibwk7pPRhVAHTJHMe8IEHAMNNryYN3gYy5loDx-z9H0M0ZNHgLC1h9IUFnirkOeeP-0iW7C3CpMu7dM8OzKVo2b3eemAru-xE1wU6MthRCZwRItilOf-yK9OqT82o3XTl8YX96HEBY.7Rk1eCu5CyTc3AoqRXs0WGOli15NSVSV62yoC-vYRCk&dib_tag=se&keywords=home+appliances&qid=1758708487&sr=8-14
"Fullstar The Original Pro Chopper - Vegetable Chopper and Spiralizer, Food Chopper with Container, Fruit Slicer, Kitchen Gadgets & Accessories, Home Essentials (4 in 1, White)",Not Listed,4.5 out of 5 stars,https://www.amazon.com/Vegetable-Chopper-Spiralizer-Slicer-Choppers/dp/B0764HS4SL/ref=sr_1_15?dib=eyJ2IjoiMSJ9.FfEapkjfnA9o7wBdVCAwb3gnudX7QFytbAkdasjCL7LZIAbD6YomJdV73nvlNbDvapx107NCZhHPmLBRL5JrA2-8CaCPerSouR9DdLJIRkhiH3G8txWb0VimkpMGFeE9cf_EzoAg7GZHsXCZEe4KVWU4QL9ARVqvqibwk7pPRhVAHTJHMe8IEHAMNNryYN3gYy5loDx-z9H0M0ZNHgLC1h9IUFnirkOeeP-0iW7C3CpMu7dM8OzKVo2b3eemAru-xE1wU6MthRCZwRItilOf-yK9OqT82o3XTl8YX96HEBY.7Rk1eCu5CyTc3AoqRXs0WGOli15NSVSV62yoC-vYRCk&dib_tag=se&keywords=home+appliances&qid=1758708487&sr=8-15
"OVENTE Electric Sandwich Maker with Non-Stick Plates, Indicator Lights, Cool Touch Handle, Easy to Clean and Store, Perfect for Cooking Breakfast, Grilled Cheese, Tuna Melts and Snacks, Black GPS401B",$19.99,4.3 out of 5 stars,https://www.amazon.com/OVENTE-Non-Stick-Indicator-Sandwiches-GPS401B/dp/B07MVN676J/ref=sr_1_16?dib=eyJ2IjoiMSJ9.FfEapkjfnA9o7wBdVCAwb3gnudX7QFytbAkdasjCL7LZIAbD6YomJdV73nvlNbDvapx107NCZhHPmLBRL5JrA2-8CaCPerSouR9DdLJIRkhiH3G8txWb0VimkpMGFeE9cf_EzoAg7GZHsXCZEe4KVWU4QL9ARVqvqibwk7pPRhVAHTJHMe8IEHAMNNryYN3gYy5loDx-z9H0M0ZNHgLC1h9IUFnirkOeeP-0iW7C3CpMu7dM8OzKVo2b3eemAru-xE1wU6MthRCZwRItilOf-yK9OqT82o3XTl8YX96HEBY.7Rk1eCu5CyTc3AoqRXs0WGOli15NSVSV62yoC-vYRCk&dib_tag=se&keywords=home+appliances&qid=1758708487&sr=8-16
"BISSELL® Steam Shot™ OmniReach handheld portable steam cleaner for tile, grout, windows, bathrooms, kitchens, fabric steaming tool",$41.99,4.0 out of 5 stars,https://www.amazon.com/BISSELL%C2%AE-ShotTM-OmniReach-Handheld-Cleaner/dp/B0DCHBC8JJ/ref=sr_1_17?dib=eyJ2IjoiMSJ9.FfEapkjfnA9o7wBdVCAwb3gnudX7QFytbAkdasjCL7LZIAbD6YomJdV73nvlNbDvapx107NCZhHPmLBRL5JrA2-8CaCPerSouR9DdLJIRkhiH3G8txWb0VimkpMGFeE9cf_EzoAg7GZHsXCZEe4KVWU4QL9ARVqvqibwk7pPRhVAHTJHMe8IEHAMNNryYN3gYy5loDx-z9H0M0ZNHgLC1h9IUFnirkOeeP-0iW7C3CpMu7dM8OzKVo2b3eemAru-xE1wU6MthRCZwRItilOf-yK9OqT82o3XTl8YX96HEBY.7Rk1eCu5CyTc3AoqRXs0WGOli15NSVSV62yoC-vYRCk&dib_tag=se&keywords=home+appliances&qid=1758708487&sr=8-17
"Ninja | Air Fryer | 4 QT Capacity | 4-in1 Roast, Crisp, Roast, Reheats, & Dehydrates | Dishwasher Safe Parts | Includes 20 Easy & Healthy Recipes | Compact | Grey | AF101",$119.99,4.7 out of 5 stars,https://www.amazon.com/Ninja-AF101-Fryer-Black-gray/dp/B07FDJMC9Q/ref=sr_1_18?dib=eyJ2IjoiMSJ9.FfEapkjfnA9o7wBdVCAwb3gnudX7QFytbAkdasjCL7LZIAbD6YomJdV73nvlNbDvapx107NCZhHPmLBRL5JrA2-8CaCPerSouR9DdLJIRkhiH3G8txWb0VimkpMGFeE9cf_EzoAg7GZHsXCZEe4KVWU4QL9ARVqvqibwk7pPRhVAHTJHMe8IEHAMNNryYN3gYy5loDx-z9H0M0ZNHgLC1h9IUFnirkOeeP-0iW7C3CpMu7dM8OzKVo2b3eemAru-xE1wU6MthRCZwRItilOf-yK9OqT82o3XTl8YX96HEBY.7Rk1eCu5CyTc3AoqRXs0WGOli15NSVSV62yoC-vYRCk&dib_tag=se&keywords=home+appliances&qid=1758708487&sr=8-18
"Kitchen Utensil Set-Silicone Cooking Utensils-33 Kitchen Gadgets & Spoons for Nonstick Cookware-Silicone and Stainless Steel Spatula Set-Best Kitchen Tools, Useful Pots and Pans Accessories",Not Listed,4.6 out of 5 stars,https://www.amazon.com/Set-Silicone-Utensils-33-Cookware-Silicone-Stainless-Accessories/dp/B089FBYT3W/ref=sr_1_19?dib=eyJ2IjoiMSJ9.FfEapkjfnA9o7wBdVCAwb3gnudX7QFytbAkdasjCL7LZIAbD6YomJdV73nvlNbDvapx107NCZhHPmLBRL5JrA2-8CaCPerSouR9DdLJIRkhiH3G8txWb0VimkpMGFeE9cf_EzoAg7GZHsXCZEe4KVWU4QL9ARVqvqibwk7pPRhVAHTJHMe8IEHAMNNryYN3gYy5loDx-z9H0M0ZNHgLC1h9IUFnirkOeeP-0iW7C3CpMu7dM8OzKVo2b3eemAru-xE1wU6MthRCZwRItilOf-yK9OqT82o3XTl8YX96HEBY.7Rk1eCu5CyTc3AoqRXs0WGOli15NSVSV62yoC-vYRCk&dib_tag=se&keywords=home+appliances&qid=1758708487&sr=8-19
"Emeril Lagasse Extra Large French Door Air Fryer Toaster Oven Combo, 24 Cooking Functions and Digital Controls, 7 Accessories Included, Stainless Steel Finish, 26QT Capacity",$209.99,4.5 out of 5 stars,https://www.amazon.com/Emeril-Lagasse-Convection-Toaster-Stainless/dp/B09B7SB46R/ref=sr_1_20?dib=eyJ2IjoiMSJ9.FfEapkjfnA9o7wBdVCAwb3gnudX7QFytbAkdasjCL7LZIAbD6YomJdV73nvlNbDvapx107NCZhHPmLBRL5JrA2-8CaCPerSouR9DdLJIRkhiH3G8txWb0VimkpMGFeE9cf_EzoAg7GZHsXCZEe4KVWU4QL9ARVqvqibwk7pPRhVAHTJHMe8IEHAMNNryYN3gYy5loDx-z9H0M0ZNHgLC1h9IUFnirkOeeP-0iW7C3CpMu7dM8OzKVo2b3eemAru-xE1wU6MthRCZwRItilOf-yK9OqT82o3XTl8YX96HEBY.7Rk1eCu5CyTc3AoqRXs0WGOli15NSVSV62yoC-vYRCk&dib_tag=se&keywords=home+appliances&qid=1758708487&sr=8-20
"Immersion Blender Handheld Corded Hand Blenders Set 1100W, Trigger Variable Speed 5 in 1 Stick Emulsifier with Chopper, Whisk and Frother for Soup, Baby Food and Smoothies",$35.99,4.6 out of 5 stars,https://www.amazon.com/Immersion-Handheld-Variable-Emulsion-Smoothies/dp/B0CPLVLFK2/ref=sr_1_21?dib=eyJ2IjoiMSJ9.FfEapkjfnA9o7wBdVCAwb3gnudX7QFytbAkdasjCL7LZIAbD6YomJdV73nvlNbDvapx107NCZhHPmLBRL5JrA2-8CaCPerSouR9DdLJIRkhiH3G8txWb0VimkpMGFeE9cf_EzoAg7GZHsXCZEe4KVWU4QL9ARVqvqibwk7pPRhVAHTJHMe8IEHAMNNryYN3gYy5loDx-z9H0M0ZNHgLC1h9IUFnirkOeeP-0iW7C3CpMu7dM8OzKVo2b3eemAru-xE1wU6MthRCZwRItilOf-yK9OqT82o3XTl8YX96HEBY.7Rk1eCu5CyTc3AoqRXs0WGOli15NSVSV62yoC-vYRCk&dib_tag=se&keywords=home+appliances&qid=1758708487&sr=8-21
"Auledio Iron 2-Tier Countertop Fruit Vegetables Basket Bowl Storage With Banana Hanger, Black, 64 ounces",Not Listed,4.6 out of 5 stars,https://www.amazon.com/Auledio-2-Tier-Countertop-Vegetables-Storage/dp/B08NJKQHLN/ref=sr_1_22?dib=eyJ2IjoiMSJ9.FfEapkjfnA9o7wBdVCAwb3gnudX7QFytbAkdasjCL7LZIAbD6YomJdV73nvlNbDvapx107NCZhHPmLBRL5JrA2-8CaCPerSouR9DdLJIRkhiH3G8txWb0VimkpMGFeE9cf_EzoAg7GZHsXCZEe4KVWU4QL9ARVqvqibwk7pPRhVAHTJHMe8IEHAMNNryYN3gYy5loDx-z9H0M0ZNHgLC1h9IUFnirkOeeP-0iW7C3CpMu7dM8OzKVo2b3eemAru-xE1wU6MthRCZwRItilOf-yK9OqT82o3XTl8YX96HEBY.7Rk1eCu5CyTc3AoqRXs0WGOli15NSVSV62yoC-vYRCk&dib_tag=se&keywords=home+appliances&qid=1758708487&sr=8-22
"Midea 12-in-1 Electric Pressure Cooker, 8 Quarts, 12 Presets, Multi-Functional Programmable Slow Cooker, Rice Cooker, Steamer, Sauté Pan, Yogurt Maker, and More, Stainless Steel",$91.95,4.5 out of 5 stars,https://www.amazon.com/Midea-Electric-Multi-Functional-Programmable-Stainless/dp/B0DGG5W4FK/ref=sr_1_23?dib=eyJ2IjoiMSJ9.FfEapkjfnA9o7wBdVCAwb3gnudX7QFytbAkdasjCL7LZIAbD6YomJdV73nvlNbDvapx107NCZhHPmLBRL5JrA2-8CaCPerSouR9DdLJIRkhiH3G8txWb0VimkpMGFeE9cf_EzoAg7GZHsXCZEe4KVWU4QL9ARVqvqibwk7pPRhVAHTJHMe8IEHAMNNryYN3gYy5loDx-z9H0M0ZNHgLC1h9IUFnirkOeeP-0iW7C3CpMu7dM8OzKVo2b3eemAru-xE1wU6MthRCZwRItilOf-yK9OqT82o3XTl8YX96HEBY.7Rk1eCu5CyTc3AoqRXs0WGOli15NSVSV62yoC-vYRCk&dib_tag=se&keywords=home+appliances&qid=1758708487&sr=8-23
"Paper Towel Holder - Self-Adhesive or Drilling, Matte Black, Upgraded Aluminum Kitchen Roll Dispenser Under Cabinet, Lighter but Stronger Than Stainless Steel!",Not Listed,4.0 out of 5 stars,https://www.amazon.com/Paper-Towel-Holder-Self-Adhesive-Stainless/dp/B0BSKQW2T2/ref=sr_1_24?dib=eyJ2IjoiMSJ9.FfEapkjfnA9o7wBdVCAwb3gnudX7QFytbAkdasjCL7LZIAbD6YomJdV73nvlNbDvapx107NCZhHPmLBRL5JrA2-8CaCPerSouR9DdLJIRkhiH3G8txWb0VimkpMGFeE9cf_EzoAg7GZHsXCZEe4KVWU4QL9ARVqvqibwk7pPRhVAHTJHMe8IEHAMNNryYN3gYy5loDx-z9H0M0ZNHgLC1h9IUFnirkOeeP-0iW7C3CpMu7dM8OzKVo2b3eemAru-xE1wU6MthRCZwRItilOf-yK9OqT82o3XTl8YX96HEBY.7Rk1eCu5CyTc3AoqRXs0WGOli15NSVSV62yoC-vYRCk&dib_tag=se&keywords=home+appliances&qid=1758708487&sr=8-24
"Cuisinart Ice Cream Maker Machine, 2-Quart Ice Cream, Sorbet and Frozen Yogurt Machine, Fully Automatic Double-Insulated Freezer Bowl Makes Frozen Desserts in Under 30 Minutes, ICE30BCP1, Silver",$129.95,4.6 out of 5 stars,https://www.amazon.com/Cuisinart-Machine-Double-Insulated-Freezer-ICE30BCP1/dp/B0006ONQOC/ref=sr_1_25?dib=eyJ2IjoiMSJ9.FfEapkjfnA9o7wBdVCAwb3gnudX7QFytbAkdasjCL7LZIAbD6YomJdV73nvlNbDvapx107NCZhHPmLBRL5JrA2-8CaCPerSouR9DdLJIRkhiH3G8txWb0VimkpMGFeE9cf_EzoAg7GZHsXCZEe4KVWU4QL9ARVqvqibwk7pPRhVAHTJHMe8IEHAMNNryYN3gYy5loDx-z9H0M0ZNHgLC1h9IUFnirkOeeP-0iW7C3CpMu7dM8OzKVo2b3eemAru-xE1wU6MthRCZwRItilOf-yK9OqT82o3XTl8YX96HEBY.7Rk1eCu5CyTc3AoqRXs0WGOli15NSVSV62yoC-vYRCk&dib_tag=se&keywords=home+appliances&qid=1758708487&sr=8-25
"OVENTE Electric Kettle, 1.5L Borosilicate Glass Countertop Water Heater and Boiler for Coffee or Tea, BPA-Free, Auto Shut-Off, Boil-Dry Protection, Removable and Washable Spout Filter, Black KG83B",$17.49,4.5 out of 5 stars,https://www.amazon.com/OVENTE-Electric-Borosilicate-Boiling-Countertop/dp/B00DEPGY7G/ref=sr_1_26?dib=eyJ2IjoiMSJ9.FfEapkjfnA9o7wBdVCAwb3gnudX7QFytbAkdasjCL7LZIAbD6YomJdV73nvlNbDvapx107NCZhHPmLBRL5JrA2-8CaCPerSouR9DdLJIRkhiH3G8txWb0VimkpMGFeE9cf_EzoAg7GZHsXCZEe4KVWU4QL9ARVqvqibwk7pPRhVAHTJHMe8IEHAMNNryYN3gYy5loDx-z9H0M0ZNHgLC1h9IUFnirkOeeP-0iW7C3CpMu7dM8OzKVo2b3eemAru-xE1wU6MthRCZwRItilOf-yK9OqT82o3XTl8YX96HEBY.7Rk1eCu5CyTc3AoqRXs0WGOli15NSVSV62yoC-vYRCk&dib_tag=se&keywords=home+appliances&qid=1758708487&sr=8-26
"Amazon Basics Electric Coffee Grinder, Coffee Bean and Spice Grinder, With Heavy-Duty Stainless Steel Grind Blades",$17.95,4.4 out of 5 stars,https://www.amazon.com/AmazonBasics-Stainless-Electric-Coffee-Grinder/dp/B07SYTRPSG/ref=sr_1_27?dib=eyJ2IjoiMSJ9.FfEapkjfnA9o7wBdVCAwb3gnudX7QFytbAkdasjCL7LZIAbD6YomJdV73nvlNbDvapx107NCZhHPmLBRL5JrA2-8CaCPerSouR9DdLJIRkhiH3G8txWb0VimkpMGFeE9cf_EzoAg7GZHsXCZEe4KVWU4QL9ARVqvqibwk7pPRhVAHTJHMe8IEHAMNNryYN3gYy5loDx-z9H0M0ZNHgLC1h9IUFnirkOeeP-0iW7C3CpMu7dM8OzKVo2b3eemAru-xE1wU6MthRCZwRItilOf-yK9OqT82o3XTl8YX96HEBY.7Rk1eCu5CyTc3AoqRXs0WGOli15NSVSV62yoC-vYRCk&dib_tag=se&keywords=home+appliances&qid=1758708487&sr=8-27
"Homvana Humidifiers for Bedroom Home, 3.6 L Cool Mist Top-Fill 34H Super Long Time, Quiet 23dB, Baby Humidifier, Oil Diffuser for Large Room, Plants, Nursery, Office BPA FREE, 7 Color Light Ultrasonic",$29.98,4.4 out of 5 stars,https://www.amazon.com/Homvana-Humidifiers-Ultrasonic-Vaporizer-Operation/dp/B09LM1588Z/ref=sr_1_28?dib=eyJ2IjoiMSJ9.FfEapkjfnA9o7wBdVCAwb3gnudX7QFytbAkdasjCL7LZIAbD6YomJdV73nvlNbDvapx107NCZhHPmLBRL5JrA2-8CaCPerSouR9DdLJIRkhiH3G8txWb0VimkpMGFeE9cf_EzoAg7GZHsXCZEe4KVWU4QL9ARVqvqibwk7pPRhVAHTJHMe8IEHAMNNryYN3gYy5loDx-z9H0M0ZNHgLC1h9IUFnirkOeeP-0iW7C3CpMu7dM8OzKVo2b3eemAru-xE1wU6MthRCZwRItilOf-yK9OqT82o3XTl8YX96HEBY.7Rk1eCu5CyTc3AoqRXs0WGOli15NSVSV62yoC-vYRCk&dib_tag=se&keywords=home+appliances&qid=1758708487&sr=8-28
"Philips 3200 Series Fully Automatic Espresso Machine, LatteGo Milk Frother, 5 Coffee Varieties, Intuitive Touch Display, 100% Ceramic Grinder, AquaClean Filter, My Coffee Choice, Black (EP3241/54)",$692.63,3.9 out of 5 stars,https://www.amazon.com/sspa/click?ie=UTF8&spc=MTo3MDExNDE4Nzc1OTg1ODc3OjE3NTg3MDg0ODg6c3BfbXRmOjMwMDQyNzgzMjQwNjYwMjo6MDo6&url=%2FPhilips-Automatic-Espresso-Machine-LatteGo%2Fdp%2FB07VFY4MXM%2Fref%3Dsr_1_29_sspa%3Fdib%3DeyJ2IjoiMSJ9.FfEapkjfnA9o7wBdVCAwb3gnudX7QFytbAkdasjCL7LZIAbD6YomJdV73nvlNbDvapx107NCZhHPmLBRL5JrA2-8CaCPerSouR9DdLJIRkhiH3G8txWb0VimkpMGFeE9cf_EzoAg7GZHsXCZEe4KVWU4QL9ARVqvqibwk7pPRhVAHTJHMe8IEHAMNNryYN3gYy5loDx-z9H0M0ZNHgLC1h9IUFnirkOeeP-0iW7C3CpMu7dM8OzKVo2b3eemAru-xE1wU6MthRCZwRItilOf-yK9OqT82o3XTl8YX96HEBY.7Rk1eCu5CyTc3AoqRXs0WGOli15NSVSV62yoC-vYRCk%26dib_tag%3Dse%26keywords%3Dhome%2Bappliances%26qid%3D1758708487%26sr%3D8-29-spons%26sp_csd%3Dd2lkZ2V0TmFtZT1zcF9tdGY%26psc%3D1
"Upgraded Vacuum Sealer for Food, 90kpa Powerful Automatic Food Sealer Vacuum Sealer for Dry/Moist, 6-in-1 Vacuum Sealer Machine for Food Saver, Easy Lock Handle | Removable Drip Tray | 10 Vacuum Bags",Not Listed,4.3 out of 5 stars,https://www.amazon.com/sspa/click?ie=UTF8&spc=MTo3MDExNDE4Nzc1OTg1ODc3OjE3NTg3MDg0ODg6c3BfbXRmOjMwMDk2ODM1NjQyMTMwMjo6MDo6&url=%2FUpgraded-Powerful-Automatic-Machine-Removable%2Fdp%2FB0F3X6588H%2Fref%3Dsr_1_30_sspa%3Fdib%3DeyJ2IjoiMSJ9.FfEapkjfnA9o7wBdVCAwb3gnudX7QFytbAkdasjCL7LZIAbD6YomJdV73nvlNbDvapx107NCZhHPmLBRL5JrA2-8CaCPerSouR9DdLJIRkhiH3G8txWb0VimkpMGFeE9cf_EzoAg7GZHsXCZEe4KVWU4QL9ARVqvqibwk7pPRhVAHTJHMe8IEHAMNNryYN3gYy5loDx-z9H0M0ZNHgLC1h9IUFnirkOeeP-0iW7C3CpMu7dM8OzKVo2b3eemAru-xE1wU6MthRCZwRItilOf-yK9OqT82o3XTl8YX96HEBY.7Rk1eCu5CyTc3AoqRXs0WGOli15NSVSV62yoC-vYRCk%26dib_tag%3Dse%26keywords%3Dhome%2Bappliances%26qid%3D1758708487%26sr%3D8-30-spons%26sp_csd%3Dd2lkZ2V0TmFtZT1zcF9tdGY%26psc%3D1
Electric Salt and Pepper Grinder Set Automatic Battery Pepper Mill Shakers Adjustable Coarseness Upgraded Larger Capacity with Led Home and Kitchen Appliances for New House Warming Gifts,Not Listed,4.4 out of 5 stars,https://www.amazon.com/Electric-Automatic-Adjustable-Coarseness-Upgraded/dp/B0DJSQQ1ZW/ref=sr_1_31?dib=eyJ2IjoiMSJ9.FfEapkjfnA9o7wBdVCAwb3gnudX7QFytbAkdasjCL7LZIAbD6YomJdV73nvlNbDvapx107NCZhHPmLBRL5JrA2-8CaCPerSouR9DdLJIRkhiH3G8txWb0VimkpMGFeE9cf_EzoAg7GZHsXCZEe4KVWU4QL9ARVqvqibwk7pPRhVAHTJHMe8IEHAMNNryYN3gYy5loDx-z9H0M0ZNHgLC1h9IUFnirkOeeP-0iW7C3CpMu7dM8OzKVo2b3eemAru-xE1wU6MthRCZwRItilOf-yK9OqT82o3XTl8YX96HEBY.7Rk1eCu5CyTc3AoqRXs0WGOli15NSVSV62yoC-vYRCk&dib_tag=se&keywords=home+appliances&qid=1758708487&sr=8-31
"OVENTE Electric Deep Fryer 2 Liter Capacity, 1500 Watt Lid with Viewing Window and Odor Filter, Adjustable Temperature, Removable Frying Basket and Easy to Clean Stainless Steel Body, Silver FDM2201BR",Not Listed,4.1 out of 5 stars,https://www.amazon.com/Ovente-Adjustable-Temperature-Stainless-FDM2201BR/dp/B07665GLFH/ref=sr_1_32?dib=eyJ2IjoiMSJ9.FfEapkjfnA9o7wBdVCAwb3gnudX7QFytbAkdasjCL7LZIAbD6YomJdV73nvlNbDvapx107NCZhHPmLBRL5JrA2-8CaCPerSouR9DdLJIRkhiH3G8txWb0VimkpMGFeE9cf_EzoAg7GZHsXCZEe4KVWU4QL9ARVqvqibwk7pPRhVAHTJHMe8IEHAMNNryYN3gYy5loDx-z9H0M0ZNHgLC1h9IUFnirkOeeP-0iW7C3CpMu7dM8OzKVo2b3eemAru-xE1wU6MthRCZwRItilOf-yK9OqT82o3XTl8YX96HEBY.7Rk1eCu5CyTc3AoqRXs0WGOli15NSVSV62yoC-vYRCk&dib_tag=se&keywords=home+appliances&qid=1758708487&sr=8-32
"10 Inch Microwave Food Cover & Collapsible Silicone Mat - Splatter Guard, Plate Holder & Kitchen Colander for Meal Prep, Charcoal",Not Listed,4.5 out of 5 stars,https://www.amazon.com/LekDrok-Microwave-Splatter-Collapsible-Multi-Purpose/dp/B0C38WVJVQ/ref=sr_1_33?dib=eyJ2IjoiMSJ9.FfEapkjfnA9o7wBdVCAwb3gnudX7QFytbAkdasjCL7LZIAbD6YomJdV73nvlNbDvapx107NCZhHPmLBRL5JrA2-8CaCPerSouR9DdLJIRkhiH3G8txWb0VimkpMGFeE9cf_EzoAg7GZHsXCZEe4KVWU4QL9ARVqvqibwk7pPRhVAHTJHMe8IEHAMNNryYN3gYy5loDx-z9H0M0ZNHgLC1h9IUFnirkOeeP-0iW7C3CpMu7dM8OzKVo2b3eemAru-xE1wU6MthRCZwRItilOf-yK9OqT82o3XTl8YX96HEBY.7Rk1eCu5CyTc3AoqRXs0WGOli15NSVSV62yoC-vYRCk&dib_tag=se&keywords=home+appliances&qid=1758708487&sr=8-33
"Mueller UltraToast Full Stainless Steel Toaster 4 Slice, Long Extra-Wide Slots for Bagels and Waffles, 6 Browning Levels, LED Display, Cancel/Defrost/Reheat Functions & Removable Tray, Kitchen Gadgets",Not Listed,4.2 out of 5 stars,https://www.amazon.com/Mueller-Toaster-4-Slice-Stainless-Steel/dp/B091SQRKVG/ref=sr_1_34?dib=eyJ2IjoiMSJ9.FfEapkjfnA9o7wBdVCAwb3gnudX7QFytbAkdasjCL7LZIAbD6YomJdV73nvlNbDvapx107NCZhHPmLBRL5JrA2-8CaCPerSouR9DdLJIRkhiH3G8txWb0VimkpMGFeE9cf_EzoAg7GZHsXCZEe4KVWU4QL9ARVqvqibwk7pPRhVAHTJHMe8IEHAMNNryYN3gYy5loDx-z9H0M0ZNHgLC1h9IUFnirkOeeP-0iW7C3CpMu7dM8OzKVo2b3eemAru-xE1wU6MthRCZwRItilOf-yK9OqT82o3XTl8YX96HEBY.7Rk1eCu5CyTc3AoqRXs0WGOli15NSVSV62yoC-vYRCk&dib_tag=se&keywords=home+appliances&qid=1758708487&sr=8-34
"FoodSaver Vacuum Sealer Machine, Automatic Bag Detection, Sous Vide Friendly, with sealer bags, roll, handheld vacuum sealer, black",$146.98,4.5 out of 5 stars,https://www.amazon.com/sspa/click?ie=UTF8&spc=MTo3MDExNDE4Nzc1OTg1ODc3OjE3NTg3MDg0ODg6c3BfbXRmOjMwMDg0NjExNDc4OTcwMjo6MDo6&url=%2FFoodSaver-FM2100-Manual-Sealing-Preservation%2Fdp%2FB00LUGK5QW%2Fref%3Dsr_1_35_sspa%3Fdib%3DeyJ2IjoiMSJ9.FfEapkjfnA9o7wBdVCAwb3gnudX7QFytbAkdasjCL7LZIAbD6YomJdV73nvlNbDvapx107NCZhHPmLBRL5JrA2-8CaCPerSouR9DdLJIRkhiH3G8txWb0VimkpMGFeE9cf_EzoAg7GZHsXCZEe4KVWU4QL9ARVqvqibwk7pPRhVAHTJHMe8IEHAMNNryYN3gYy5loDx-z9H0M0ZNHgLC1h9IUFnirkOeeP-0iW7C3CpMu7dM8OzKVo2b3eemAru-xE1wU6MthRCZwRItilOf-yK9OqT82o3XTl8YX96HEBY.7Rk1eCu5CyTc3AoqRXs0WGOli15NSVSV62yoC-vYRCk%26dib_tag%3Dse%26keywords%3Dhome%2Bappliances%26qid%3D1758708487%26sr%3D8-35-spons%26sp_csd%3Dd2lkZ2V0TmFtZT1zcF9tdGY%26psc%3D1
"Crock-Pot 7 Quart Oval Manual Slow Cooker, Stainless Steel (SCV700-S-BR), Versatile Cookware for Large Families or Entertaining",Not Listed,4.6 out of 5 stars,https://www.amazon.com/Crock-Pot-SCV700SS-Stainless-7-Quart-Manual/dp/B003OAJGJO/ref=sr_1_36?dib=eyJ2IjoiMSJ9.FfEapkjfnA9o7wBdVCAwb3gnudX7QFytbAkdasjCL7LZIAbD6YomJdV73nvlNbDvapx107NCZhHPmLBRL5JrA2-8CaCPerSouR9DdLJIRkhiH3G8txWb0VimkpMGFeE9cf_EzoAg7GZHsXCZEe4KVWU4QL9ARVqvqibwk7pPRhVAHTJHMe8IEHAMNNryYN3gYy5loDx-z9H0M0ZNHgLC1h9IUFnirkOeeP-0iW7C3CpMu7dM8OzKVo2b3eemAru-xE1wU6MthRCZwRItilOf-yK9OqT82o3XTl8YX96HEBY.7Rk1eCu5CyTc3AoqRXs0WGOli15NSVSV62yoC-vYRCk&dib_tag=se&keywords=home+appliances&qid=1758708487&sr=8-36
"Coffee Mug Warmer, Cup Warmer for Desk with Auto Shut Off, 3 Temp Settings, Mug Warmer for Coffee, Beverage, Milk, Tea, Hot Chocolate, Coffee Warmer Plate in Your Home & Office, Gift (Dark Black)",Not Listed,3.5 out of 5 stars,https://www.amazon.com/Coffee-Warmer-Settings-Beverage-Office/dp/B0DG52MRL4/ref=sr_1_37?dib=eyJ2IjoiMSJ9.FfEapkjfnA9o7wBdVCAwb3gnudX7QFytbAkdasjCL7LZIAbD6YomJdV73nvlNbDvapx107NCZhHPmLBRL5JrA2-8CaCPerSouR9DdLJIRkhiH3G8txWb0VimkpMGFeE9cf_EzoAg7GZHsXCZEe4KVWU4QL9ARVqvqibwk7pPRhVAHTJHMe8IEHAMNNryYN3gYy5loDx-z9H0M0ZNHgLC1h9IUFnirkOeeP-0iW7C3CpMu7dM8OzKVo2b3eemAru-xE1wU6MthRCZwRItilOf-yK9OqT82o3XTl8YX96HEBY.7Rk1eCu5CyTc3AoqRXs0WGOli15NSVSV62yoC-vYRCk&dib_tag=se&keywords=home+appliances&qid=1758708487&sr=8-37
"bella 2 Slice Slim Toaster, Fits-anywhere™ Kitchenware, 6 Setting Shade Control with Reheat & Cancel Buttons, Fits sourdough, 10” Long Slot, Anti Jam & Auto Shutoff, 900 Watt, Surf",$24.98,4.3 out of 5 stars,https://www.amazon.com/Toaster-Setting-Control-Removable-Centering/dp/B0CZPGJ2JW/ref=sr_1_38?dib=eyJ2IjoiMSJ9.FfEapkjfnA9o7wBdVCAwb3gnudX7QFytbAkdasjCL7LZIAbD6YomJdV73nvlNbDvapx107NCZhHPmLBRL5JrA2-8CaCPerSouR9DdLJIRkhiH3G8txWb0VimkpMGFeE9cf_EzoAg7GZHsXCZEe4KVWU4QL9ARVqvqibwk7pPRhVAHTJHMe8IEHAMNNryYN3gYy5loDx-z9H0M0ZNHgLC1h9IUFnirkOeeP-0iW7C3CpMu7dM8OzKVo2b3eemAru-xE1wU6MthRCZwRItilOf-yK9OqT82o3XTl8YX96HEBY.7Rk1eCu5CyTc3AoqRXs0WGOli15NSVSV62yoC-vYRCk&dib_tag=se&keywords=home+appliances&qid=1758708487&sr=8-38
"Vegetable Chopper, Pro Onion Chopper, Multifunctional 13 in 1 Food Chopper, Kitchen Vegetable Slicer Dicer Cutter,Veggie Chopper With 8 Blades,Carrot and Garlic Chopper With Container…",Not Listed,4.2 out of 5 stars,https://www.amazon.com/Vegetable-Chopper-Multifunctional-Kitchen-Container/dp/B09YH5CPQP/ref=sr_1_39?dib=eyJ2IjoiMSJ9.FfEapkjfnA9o7wBdVCAwb3gnudX7QFytbAkdasjCL7LZIAbD6YomJdV73nvlNbDvapx107NCZhHPmLBRL5JrA2-8CaCPerSouR9DdLJIRkhiH3G8txWb0VimkpMGFeE9cf_EzoAg7GZHsXCZEe4KVWU4QL9ARVqvqibwk7pPRhVAHTJHMe8IEHAMNNryYN3gYy5loDx-z9H0M0ZNHgLC1h9IUFnirkOeeP-0iW7C3CpMu7dM8OzKVo2b3eemAru-xE1wU6MthRCZwRItilOf-yK9OqT82o3XTl8YX96HEBY.7Rk1eCu5CyTc3AoqRXs0WGOli15NSVSV62yoC-vYRCk&dib_tag=se&keywords=home+appliances&qid=1758708487&sr=8-39
"Upgraded Food Vacuum Sealer Machine 95Kpa, 10-in-1 Food Sealer Vacuum with Double Heat Seal for Dry/Moist Food, Handle-Ease Design, Vacuum Sealer Machine for Food Commercial Grade, Black",Not Listed,4.3 out of 5 stars,https://www.amazon.com/sspa/click?ie=UTF8&spc=MTo3MDExNDE4Nzc1OTg1ODc3OjE3NTg3MDg0ODg6c3BfbXRmOjMwMDk0Mjg3Nzg3OTgwMjo6MDo6&url=%2FKeoslpy-Upgraded-Machine-Handle-Ease-Commercial%2Fdp%2FB0FJ23Z3YV%2Fref%3Dsr_1_40_sspa%3Fdib%3DeyJ2IjoiMSJ9.FfEapkjfnA9o7wBdVCAwb3gnudX7QFytbAkdasjCL7LZIAbD6YomJdV73nvlNbDvapx107NCZhHPmLBRL5JrA2-8CaCPerSouR9DdLJIRkhiH3G8txWb0VimkpMGFeE9cf_EzoAg7GZHsXCZEe4KVWU4QL9ARVqvqibwk7pPRhVAHTJHMe8IEHAMNNryYN3gYy5loDx-z9H0M0ZNHgLC1h9IUFnirkOeeP-0iW7C3CpMu7dM8OzKVo2b3eemAru-xE1wU6MthRCZwRItilOf-yK9OqT82o3XTl8YX96HEBY.7Rk1eCu5CyTc3AoqRXs0WGOli15NSVSV62yoC-vYRCk%26dib_tag%3Dse%26keywords%3Dhome%2Bappliances%26qid%3D1758708487%26sr%3D8-40-spons%26sp_csd%3Dd2lkZ2V0TmFtZT1zcF9tdGY%26psc%3D1
"Sunvivi Portable Vacuum Sealer Machine for Food Storage & Preservation – Automatic Air Sealing System with Reusable Bags & Kitchen Accessories – Handheld Food Saver for Home, Sous Vide, White",Not Listed,4.4 out of 5 stars,https://www.amazon.com/sspa/click?ie=UTF8&spc=MTo3MDExNDE4Nzc1OTg1ODc3OjE3NTg3MDg0ODg6c3BfbXRmOjMwMDk2NjgxOTQ5MTIwMjo6MDo6&url=%2FSunvivi-Portable-Machine-Storage-Preservation%2Fdp%2FB0F9WGYRDL%2Fref%3Dsr_1_41_sspa%3Fdib%3DeyJ2IjoiMSJ9.FfEapkjfnA9o7wBdVCAwb3gnudX7QFytbAkdasjCL7LZIAbD6YomJdV73nvlNbDvapx107NCZhHPmLBRL5JrA2-8CaCPerSouR9DdLJIRkhiH3G8txWb0VimkpMGFeE9cf_EzoAg7GZHsXCZEe4KVWU4QL9ARVqvqibwk7pPRhVAHTJHMe8IEHAMNNryYN3gYy5loDx-z9H0M0ZNHgLC1h9IUFnirkOeeP-0iW7C3CpMu7dM8OzKVo2b3eemAru-xE1wU6MthRCZwRItilOf-yK9OqT82o3XTl8YX96HEBY.7Rk1eCu5CyTc3AoqRXs0WGOli15NSVSV62yoC-vYRCk%26dib_tag%3Dse%26keywords%3Dhome%2Bappliances%26qid%3D1758708487%26sr%3D8-41-spons%26sp_csd%3Dd2lkZ2V0TmFtZT1zcF9tdGY%26psc%3D1
"52 Inch ETL Listed Indoor Outdoor Smart Ceiling Fans with Lights Remote Control, Quiet DC Motor 3 Blade Modern White Gold Ceiling Fan for Bedroom Living Room Patio",Not Listed,4.3 out of 5 stars,https://www.amazon.com/sspa/click?ie=UTF8&spc=MTo3MDExNDE4Nzc1OTg1ODc3OjE3NTg3MDg0ODg6c3BfbXRmOjMwMDgwOTY0ODg5MDcwMjo6MDo6&url=%2FOutdoor-Ceiling-Control-Compatible-Contemporary%2Fdp%2FB09MZ1NH79%2Fref%3Dsr_1_42_sspa%3Fdib%3DeyJ2IjoiMSJ9.FfEapkjfnA9o7wBdVCAwb3gnudX7QFytbAkdasjCL7LZIAbD6YomJdV73nvlNbDvapx107NCZhHPmLBRL5JrA2-8CaCPerSouR9DdLJIRkhiH3G8txWb0VimkpMGFeE9cf_EzoAg7GZHsXCZEe4KVWU4QL9ARVqvqibwk7pPRhVAHTJHMe8IEHAMNNryYN3gYy5loDx-z9H0M0ZNHgLC1h9IUFnirkOeeP-0iW7C3CpMu7dM8OzKVo2b3eemAru-xE1wU6MthRCZwRItilOf-yK9OqT82o3XTl8YX96HEBY.7Rk1eCu5CyTc3AoqRXs0WGOli15NSVSV62yoC-vYRCk%26dib_tag%3Dse%26keywords%3Dhome%2Bappliances%26qid%3D1758708487%26sr%3D8-42-spons%26sp_csd%3Dd2lkZ2V0TmFtZT1zcF9tdGY%26psc%3D1
"Medify MA-112 Air Purifier V3.0 with True HEPA H13 Filter|5,948 ft² Coverage in 1hr for Smoke, Wildfires, Odors, Pollen, Pets | Quiet 99.9% Removal to 0.1 Microns | White, 1-Pack",$594.99,4.4 out of 5 stars,https://www.amazon.com/sspa/click?ie=UTF8&spc=MTo3MDExNDE4Nzc1OTg1ODc3OjE3NTg3MDg0ODg6c3BfbXRmOjMwMDkzNjQzNjg2OTQwMjo6MDo6&url=%2FMedify-Air-Purifier-Coverage-Allergies%2Fdp%2FB07LFJMS2S%2Fref%3Dsr_1_43_sspa%3Fdib%3DeyJ2IjoiMSJ9.FfEapkjfnA9o7wBdVCAwb3gnudX7QFytbAkdasjCL7LZIAbD6YomJdV73nvlNbDvapx107NCZhHPmLBRL5JrA2-8CaCPerSouR9DdLJIRkhiH3G8txWb0VimkpMGFeE9cf_EzoAg7GZHsXCZEe4KVWU4QL9ARVqvqibwk7pPRhVAHTJHMe8IEHAMNNryYN3gYy5loDx-z9H0M0ZNHgLC1h9IUFnirkOeeP-0iW7C3CpMu7dM8OzKVo2b3eemAru-xE1wU6MthRCZwRItilOf-yK9OqT82o3XTl8YX96HEBY.7Rk1eCu5CyTc3AoqRXs0WGOli15NSVSV62yoC-vYRCk%26dib_tag%3Dse%26keywords%3Dhome%2Bappliances%26qid%3D1758708487%26sr%3D8-43-spons%26sp_csd%3Dd2lkZ2V0TmFtZT1zcF9tdGY%26psc%3D1
"Chicken Shredder Tool Twist for Kitchen, Manual Chicken Breast Grinder Machine for Ground Food, Meat & Vegetables (Elegant Black)",Not Listed,4.5 out of 5 stars,https://www.amazon.com/Hundop-Chicken-Shredder-Visible-Vegetables/dp/B0CWXQL27W/ref=sr_1_44?dib=eyJ2IjoiMSJ9.FfEapkjfnA9o7wBdVCAwb3gnudX7QFytbAkdasjCL7LZIAbD6YomJdV73nvlNbDvapx107NCZhHPmLBRL5JrA2-8CaCPerSouR9DdLJIRkhiH3G8txWb0VimkpMGFeE9cf_EzoAg7GZHsXCZEe4KVWU4QL9ARVqvqibwk7pPRhVAHTJHMe8IEHAMNNryYN3gYy5loDx-z9H0M0ZNHgLC1h9IUFnirkOeeP-0iW7C3CpMu7dM8OzKVo2b3eemAru-xE1wU6MthRCZwRItilOf-yK9OqT82o3XTl8YX96HEBY.7Rk1eCu5CyTc3AoqRXs0WGOli15NSVSV62yoC-vYRCk&dib_tag=se&keywords=home+appliances&qid=1758708487&sr=8-44
"bella 4Qt Slim Air Fryer, Fits-anywhere™ Kitchenware, EverGood™ Ceramic Nonstick Coating, Adjustable Temperature, 6 Preset Cooking Options, 60 Min Auto Shutoff w Audible Tone, 3.3lb Capacity, Oatmilk",$56.99,4.6 out of 5 stars,https://www.amazon.com/Fits-anywhereTM-Kitchenware-EverGoodTM-Adjustable-Temperature/dp/B0CYJDVT31/ref=sr_1_45?dib=eyJ2IjoiMSJ9.FfEapkjfnA9o7wBdVCAwb3gnudX7QFytbAkdasjCL7LZIAbD6YomJdV73nvlNbDvapx107NCZhHPmLBRL5JrA2-8CaCPerSouR9DdLJIRkhiH3G8txWb0VimkpMGFeE9cf_EzoAg7GZHsXCZEe4KVWU4QL9ARVqvqibwk7pPRhVAHTJHMe8IEHAMNNryYN3gYy5loDx-z9H0M0ZNHgLC1h9IUFnirkOeeP-0iW7C3CpMu7dM8OzKVo2b3eemAru-xE1wU6MthRCZwRItilOf-yK9OqT82o3XTl8YX96HEBY.7Rk1eCu5CyTc3AoqRXs0WGOli15NSVSV62yoC-vYRCk&dib_tag=se&keywords=home+appliances&qid=1758708487&sr=8-45
"Kusini Electric Fondue Pot Set - Chocolate Fondue Kit - Temperature Control, Detachable Serving Trays, & 4 Roasting Forks - Gift Set & Date Night Idea. Serve at Movie Night or Game Night.",Not Listed,4.4 out of 5 stars,https://www.amazon.com/Kusini-Electric-Fondue-Pot-Set/dp/B0B785V2NF/ref=sr_1_46?dib=eyJ2IjoiMSJ9.FfEapkjfnA9o7wBdVCAwb3gnudX7QFytbAkdasjCL7LZIAbD6YomJdV73nvlNbDvapx107NCZhHPmLBRL5JrA2-8CaCPerSouR9DdLJIRkhiH3G8txWb0VimkpMGFeE9cf_EzoAg7GZHsXCZEe4KVWU4QL9ARVqvqibwk7pPRhVAHTJHMe8IEHAMNNryYN3gYy5loDx-z9H0M0ZNHgLC1h9IUFnirkOeeP-0iW7C3CpMu7dM8OzKVo2b3eemAru-xE1wU6MthRCZwRItilOf-yK9OqT82o3XTl8YX96HEBY.7Rk1eCu5CyTc3AoqRXs0WGOli15NSVSV62yoC-vYRCk&dib_tag=se&keywords=home+appliances&qid=1758708487&sr=8-46
"Electric Kettle 1.0L 1200W, 7 Temp Settings, 4H Keep-Warm, Fast-Boil Stainless Steel Electric Tea Kettle, 120V Water Boiler with Auto-Shut Off, Cool Touch PP Exterior for Home Office, Black",$40.40,4.2 out of 5 stars,https://www.amazon.com/Electric-Keep-Warm-Fast-Boil-Stainless-Auto-Shut/dp/B0DX1SPR7S/ref=sr_1_47?dib=eyJ2IjoiMSJ9.FfEapkjfnA9o7wBdVCAwb3gnudX7QFytbAkdasjCL7LZIAbD6YomJdV73nvlNbDvapx107NCZhHPmLBRL5JrA2-8CaCPerSouR9DdLJIRkhiH3G8txWb0VimkpMGFeE9cf_EzoAg7GZHsXCZEe4KVWU4QL9ARVqvqibwk7pPRhVAHTJHMe8IEHAMNNryYN3gYy5loDx-z9H0M0ZNHgLC1h9IUFnirkOeeP-0iW7C3CpMu7dM8OzKVo2b3eemAru-xE1wU6MthRCZwRItilOf-yK9OqT82o3XTl8YX96HEBY.7Rk1eCu5CyTc3AoqRXs0WGOli15NSVSV62yoC-vYRCk&dib_tag=se&keywords=home+appliances&qid=1758708487&sr=8-47
"CIRCLE JOY Electric Rechargeable Salt and Pepper Grinder Set Top-Refill Automatic Pepper Mill Grinder with Charging Base, Adjustable Coarseness, Easy Filling Larger Capacity with Led for Home Kitchen",Not Listed,4.4 out of 5 stars,https://www.amazon.com/CIRCLE-JOY-Rechargeable-Top-Refill-Adjustable/dp/B0DNK9KKLH/ref=sr_1_48?dib=eyJ2IjoiMSJ9.FfEapkjfnA9o7wBdVCAwb3gnudX7QFytbAkdasjCL7LZIAbD6YomJdV73nvlNbDvapx107NCZhHPmLBRL5JrA2-8CaCPerSouR9DdLJIRkhiH3G8txWb0VimkpMGFeE9cf_EzoAg7GZHsXCZEe4KVWU4QL9ARVqvqibwk7pPRhVAHTJHMe8IEHAMNNryYN3gYy5loDx-z9H0M0ZNHgLC1h9IUFnirkOeeP-0iW7C3CpMu7dM8OzKVo2b3eemAru-xE1wU6MthRCZwRItilOf-yK9OqT82o3XTl8YX96HEBY.7Rk1eCu5CyTc3AoqRXs0WGOli15NSVSV62yoC-vYRCk&dib_tag=se&keywords=home+appliances&qid=1758708487&sr=8-48
"DASH Mini Maker for Individual Waffles, Hash Browns, Keto Chaffles with Easy to Clean, Non-Stick Surfaces, 4 Inch, Pink",$12.99,4.6 out of 5 stars,https://www.amazon.com/DASH-Mini-Maker-Individual-Breakfast/dp/B0169N1YNS/ref=sr_1_49?dib=eyJ2IjoiMSJ9.FfEapkjfnA9o7wBdVCAwb3gnudX7QFytbAkdasjCL7LZIAbD6YomJdV73nvlNbDvapx107NCZhHPmLBRL5JrA2-8CaCPerSouR9DdLJIRkhiH3G8txWb0VimkpMGFeE9cf_EzoAg7GZHsXCZEe4KVWU4QL9ARVqvqibwk7pPRhVAHTJHMe8IEHAMNNryYN3gYy5loDx-z9H0M0ZNHgLC1h9IUFnirkOeeP-0iW7C3CpMu7dM8OzKVo2b3eemAru-xE1wU6MthRCZwRItilOf-yK9OqT82o3XTl8YX96HEBY.7Rk1eCu5CyTc3AoqRXs0WGOli15NSVSV62yoC-vYRCk&dib_tag=se&keywords=home+appliances&qid=1758708487&sr=8-49
"Kamenstein 20 Jar Revolving Countertop Spice Rack with Spices Included, FREE Spice Refills for 5 Years, Polished Stainless Steel with Black Caps, 30020",$53.00,4.6 out of 5 stars,https://www.amazon.com/Kamenstein-30020-Revolving-Countertop-Refills/dp/B00008WQ3L/ref=sr_1_50?dib=eyJ2IjoiMSJ9.FfEapkjfnA9o7wBdVCAwb3gnudX7QFytbAkdasjCL7LZIAbD6YomJdV73nvlNbDvapx107NCZhHPmLBRL5JrA2-8CaCPerSouR9DdLJIRkhiH3G8txWb0VimkpMGFeE9cf_EzoAg7GZHsXCZEe4KVWU4QL9ARVqvqibwk7pPRhVAHTJHMe8IEHAMNNryYN3gYy5loDx-z9H0M0ZNHgLC1h9IUFnirkOeeP-0iW7C3CpMu7dM8OzKVo2b3eemAru-xE1wU6MthRCZwRItilOf-yK9OqT82o3XTl8YX96HEBY.7Rk1eCu5CyTc3AoqRXs0WGOli15NSVSV62yoC-vYRCk&dib_tag=se&keywords=home+appliances&qid=1758708487&sr=8-50
"AIRROBO Dog Grooming Vacuum Kit,12000Pa Strong Pet Vacuum for Shedding,Grooming Hai,Quiet,PG100,2L Large Capacity",Not Listed,4.5 out of 5 stars,https://www.amazon.com/AIRROBO-Grooming-Capacity-Shedding-Groomer/dp/B0BYNF9GZS/ref=sr_1_51?dib=eyJ2IjoiMSJ9.FfEapkjfnA9o7wBdVCAwb3gnudX7QFytbAkdasjCL7LZIAbD6YomJdV73nvlNbDvapx107NCZhHPmLBRL5JrA2-8CaCPerSouR9DdLJIRkhiH3G8txWb0VimkpMGFeE9cf_EzoAg7GZHsXCZEe4KVWU4QL9ARVqvqibwk7pPRhVAHTJHMe8IEHAMNNryYN3gYy5loDx-z9H0M0ZNHgLC1h9IUFnirkOeeP-0iW7C3CpMu7dM8OzKVo2b3eemAru-xE1wU6MthRCZwRItilOf-yK9OqT82o3XTl8YX96HEBY.7Rk1eCu5CyTc3AoqRXs0WGOli15NSVSV62yoC-vYRCk&dib_tag=se&keywords=home+appliances&qid=1758708487&sr=8-51
"Paper Towel Holder Black, Premium Stainless Steel Kitchen Roll Dispenser, Countertop Roll Organizer with Weighted Base",Not Listed,4.4 out of 5 stars,https://www.amazon.com/Stainless-One-Handed-Operation-Countertop-Dispenser/dp/B09DKH8XDS/ref=sr_1_52?dib=eyJ2IjoiMSJ9.FfEapkjfnA9o7wBdVCAwb3gnudX7QFytbAkdasjCL7LZIAbD6YomJdV73nvlNbDvapx107NCZhHPmLBRL5JrA2-8CaCPerSouR9DdLJIRkhiH3G8txWb0VimkpMGFeE9cf_EzoAg7GZHsXCZEe4KVWU4QL9ARVqvqibwk7pPRhVAHTJHMe8IEHAMNNryYN3gYy5loDx-z9H0M0ZNHgLC1h9IUFnirkOeeP-0iW7C3CpMu7dM8OzKVo2b3eemAru-xE1wU6MthRCZwRItilOf-yK9OqT82o3XTl8YX96HEBY.7Rk1eCu5CyTc3AoqRXs0WGOli15NSVSV62yoC-vYRCk&dib_tag=se&keywords=home+appliances&qid=1758708487&sr=8-52
"Kasa Smart Plug HS103P4, Smart Home Wi-Fi Outlet Works with Alexa, Echo, Google Home & IFTTT, No Hub Required, Remote Control, 15 Amp, UL Certified, 4-Pack, White",$26.95,4.6 out of 5 stars,https://www.amazon.com/TP-Link-Kasa-Smart-Wifi-Plug/dp/B07RCNB2L3/ref=sr_1_53?dib=eyJ2IjoiMSJ9.FfEapkjfnA9o7wBdVCAwb3gnudX7QFytbAkdasjCL7LZIAbD6YomJdV73nvlNbDvapx107NCZhHPmLBRL5JrA2-8CaCPerSouR9DdLJIRkhiH3G8txWb0VimkpMGFeE9cf_EzoAg7GZHsXCZEe4KVWU4QL9ARVqvqibwk7pPRhVAHTJHMe8IEHAMNNryYN3gYy5loDx-z9H0M0ZNHgLC1h9IUFnirkOeeP-0iW7C3CpMu7dM8OzKVo2b3eemAru-xE1wU6MthRCZwRItilOf-yK9OqT82o3XTl8YX96HEBY.7Rk1eCu5CyTc3AoqRXs0WGOli15NSVSV62yoC-vYRCk&dib_tag=se&keywords=home+appliances&qid=1758708487&sr=8-53
"George Foreman 4-Serving Removable Plate Electric Grill and Panini Press, George Tough Non-Stick Coating, Drip Tray Catches Grease, Black",$41.99,4.6 out of 5 stars,https://www.amazon.com/George-Foreman-4-Serving-Removable-GRP1060B/dp/B00KDVJLJW/ref=sr_1_54?dib=eyJ2IjoiMSJ9.FfEapkjfnA9o7wBdVCAwb3gnudX7QFytbAkdasjCL7LZIAbD6YomJdV73nvlNbDvapx107NCZhHPmLBRL5JrA2-8CaCPerSouR9DdLJIRkhiH3G8txWb0VimkpMGFeE9cf_EzoAg7GZHsXCZEe4KVWU4QL9ARVqvqibwk7pPRhVAHTJHMe8IEHAMNNryYN3gYy5loDx-z9H0M0ZNHgLC1h9IUFnirkOeeP-0iW7C3CpMu7dM8OzKVo2b3eemAru-xE1wU6MthRCZwRItilOf-yK9OqT82o3XTl8YX96HEBY.7Rk1eCu5CyTc3AoqRXs0WGOli15NSVSV62yoC-vYRCk&dib_tag=se&keywords=home+appliances&qid=1758708487&sr=8-54
"TUYU Electric Spin Scrubber, Full-Body IPX7 Waterproof Bathroom Scrubber with Power LCD Display, Adjustable Extension Handle, Cordless Shower Cleaner Brush for Bathtub Kitchen Wall Cleaning",Not Listed,4.4 out of 5 stars,https://www.amazon.com/Electric-Scrubber-Replaceable-Adjustable-Extension/dp/B0C1NJDTTX/ref=sr_1_55?dib=eyJ2IjoiMSJ9.FfEapkjfnA9o7wBdVCAwb3gnudX7QFytbAkdasjCL7LZIAbD6YomJdV73nvlNbDvapx107NCZhHPmLBRL5JrA2-8CaCPerSouR9DdLJIRkhiH3G8txWb0VimkpMGFeE9cf_EzoAg7GZHsXCZEe4KVWU4QL9ARVqvqibwk7pPRhVAHTJHMe8IEHAMNNryYN3gYy5loDx-z9H0M0ZNHgLC1h9IUFnirkOeeP-0iW7C3CpMu7dM8OzKVo2b3eemAru-xE1wU6MthRCZwRItilOf-yK9OqT82o3XTl8YX96HEBY.7Rk1eCu5CyTc3AoqRXs0WGOli15NSVSV62yoC-vYRCk&dib_tag=se&keywords=home+appliances&qid=1758708487&sr=8-55
"KITCHENAID Ribbed Soft Silicone Oven Mitt 2-Pack Set, 7.5""x13"", Milkshake",$16.77,4.7 out of 5 stars,https://www.amazon.com/KitchenAid-Ribbed-Soft-Silicone-Milkshake/dp/B08J8GZXKZ/ref=sr_1_56?dib=eyJ2IjoiMSJ9.FfEapkjfnA9o7wBdVCAwb3gnudX7QFytbAkdasjCL7LZIAbD6YomJdV73nvlNbDvapx107NCZhHPmLBRL5JrA2-8CaCPerSouR9DdLJIRkhiH3G8txWb0VimkpMGFeE9cf_EzoAg7GZHsXCZEe4KVWU4QL9ARVqvqibwk7pPRhVAHTJHMe8IEHAMNNryYN3gYy5loDx-z9H0M0ZNHgLC1h9IUFnirkOeeP-0iW7C3CpMu7dM8OzKVo2b3eemAru-xE1wU6MthRCZwRItilOf-yK9OqT82o3XTl8YX96HEBY.7Rk1eCu5CyTc3AoqRXs0WGOli15NSVSV62yoC-vYRCk&dib_tag=se&keywords=home+appliances&qid=1758708487&sr=8-56
"Moen Flo Smart Water Monitor and Automatic Shutoff Sensor, Wi-Fi Water Leak Detector for 3/4-Inch Diameter Pipe, 900-001",$499.98,3.8 out of 5 stars,https://www.amazon.com/sspa/click?ie=UTF8&spc=MTo3MDExNDE4Nzc1OTg1ODc3OjE3NTg3MDg0ODg6c3BfYnRmOjMwMDg1ODk0MjI1MjgwMjo6MDo6&url=%2FMoen-900-001-4-Inch-Smart-Shutoff%2Fdp%2FB00C03D01Q%2Fref%3Dsr_1_57_sspa%3Fdib%3DeyJ2IjoiMSJ9.FfEapkjfnA9o7wBdVCAwb3gnudX7QFytbAkdasjCL7LZIAbD6YomJdV73nvlNbDvapx107NCZhHPmLBRL5JrA2-8CaCPerSouR9DdLJIRkhiH3G8txWb0VimkpMGFeE9cf_EzoAg7GZHsXCZEe4KVWU4QL9ARVqvqibwk7pPRhVAHTJHMe8IEHAMNNryYN3gYy5loDx-z9H0M0ZNHgLC1h9IUFnirkOeeP-0iW7C3CpMu7dM8OzKVo2b3eemAru-xE1wU6MthRCZwRItilOf-yK9OqT82o3XTl8YX96HEBY.7Rk1eCu5CyTc3AoqRXs0WGOli15NSVSV62yoC-vYRCk%26dib_tag%3Dse%26keywords%3Dhome%2Bappliances%26qid%3D1758708487%26sr%3D8-57-spons%26sp_csd%3Dd2lkZ2V0TmFtZT1zcF9idGY%26psc%3D1
"Sensi Smart Thermostat, 100 Years Of Expertise, Wi-Fi, Data Privacy, Programmable, Easy DIY Install, Works With Alexa, Energy Star Certified, Mobile App, ST55",$98.99,4.4 out of 5 stars,https://www.amazon.com/sspa/click?ie=UTF8&spc=MTo3MDExNDE4Nzc1OTg1ODc3OjE3NTg3MDg0ODg6c3BfYnRmOjMwMDk2MzY1MjM1OTQwMjo6MDo6&url=%2FEmerson-Thermostat-Version-Energy-Certified%2Fdp%2FB01NB1OB0I%2Fref%3Dsr_1_58_sspa%3Fdib%3DeyJ2IjoiMSJ9.FfEapkjfnA9o7wBdVCAwb3gnudX7QFytbAkdasjCL7LZIAbD6YomJdV73nvlNbDvapx107NCZhHPmLBRL5JrA2-8CaCPerSouR9DdLJIRkhiH3G8txWb0VimkpMGFeE9cf_EzoAg7GZHsXCZEe4KVWU4QL9ARVqvqibwk7pPRhVAHTJHMe8IEHAMNNryYN3gYy5loDx-z9H0M0ZNHgLC1h9IUFnirkOeeP-0iW7C3CpMu7dM8OzKVo2b3eemAru-xE1wU6MthRCZwRItilOf-yK9OqT82o3XTl8YX96HEBY.7Rk1eCu5CyTc3AoqRXs0WGOli15NSVSV62yoC-vYRCk%26dib_tag%3Dse%26keywords%3Dhome%2Bappliances%26qid%3D1758708487%26sr%3D8-58-spons%26sp_csd%3Dd2lkZ2V0TmFtZT1zcF9idGY%26psc%3D1
"ProfessionaI Meat Thermometer Digital, 3X Faster 0.5 Sec Instant Read, NIST Certified Accuracy ±0.5°F, 100% Waterproof Probe, Auto-Rotate Bright Indicator, for Candy/Grill/BBQ, Red & Gray",$19.99,4.7 out of 5 stars,https://www.amazon.com/sspa/click?ie=UTF8&spc=MTo3MDExNDE4Nzc1OTg1ODc3OjE3NTg3MDg0ODg6c3BfYnRmOjMwMDg0MzM0MTMxMzUwMjo6MDo6&url=%2FThermoMaven-ProfessionaI-Thermometer-Waterproof-Auto-Rotating%2Fdp%2FB0CZCX5WDC%2Fref%3Dsr_1_59_sspa%3Fdib%3DeyJ2IjoiMSJ9.FfEapkjfnA9o7wBdVCAwb3gnudX7QFytbAkdasjCL7LZIAbD6YomJdV73nvlNbDvapx107NCZhHPmLBRL5JrA2-8CaCPerSouR9DdLJIRkhiH3G8txWb0VimkpMGFeE9cf_EzoAg7GZHsXCZEe4KVWU4QL9ARVqvqibwk7pPRhVAHTJHMe8IEHAMNNryYN3gYy5loDx-z9H0M0ZNHgLC1h9IUFnirkOeeP-0iW7C3CpMu7dM8OzKVo2b3eemAru-xE1wU6MthRCZwRItilOf-yK9OqT82o3XTl8YX96HEBY.7Rk1eCu5CyTc3AoqRXs0WGOli15NSVSV62yoC-vYRCk%26dib_tag%3Dse%26keywords%3Dhome%2Bappliances%26qid%3D1758708487%26sr%3D8-59-spons%26sp_csd%3Dd2lkZ2V0TmFtZT1zcF9idGY%26psc%3D1
"Membrane Solutions Combo Pack for FX12M and FX12P, Water Filter Replacement Cartridge Compatible GE RO Set GXRM10RBL GXRM10G Reverse Osmosis Systems, 2x Carbon Filters, 1x 50GPD RO Membrane Filter",Not Listed,4.6 out of 5 stars,https://www.amazon.com/sspa/click?ie=UTF8&spc=MTo3MDExNDE4Nzc1OTg1ODc3OjE3NTg3MDg0ODg6c3BfYnRmOjIwMDAyNzI3NDE5MjIxMTo6MDo6&url=%2FMembrane-Solutions-Replacement-Cartridge-Compatible%2Fdp%2FB07MZP85HJ%2Fref%3Dsr_1_60_sspa%3Fdib%3DeyJ2IjoiMSJ9.FfEapkjfnA9o7wBdVCAwb3gnudX7QFytbAkdasjCL7LZIAbD6YomJdV73nvlNbDvapx107NCZhHPmLBRL5JrA2-8CaCPerSouR9DdLJIRkhiH3G8txWb0VimkpMGFeE9cf_EzoAg7GZHsXCZEe4KVWU4QL9ARVqvqibwk7pPRhVAHTJHMe8IEHAMNNryYN3gYy5loDx-z9H0M0ZNHgLC1h9IUFnirkOeeP-0iW7C3CpMu7dM8OzKVo2b3eemAru-xE1wU6MthRCZwRItilOf-yK9OqT82o3XTl8YX96HEBY.7Rk1eCu5CyTc3AoqRXs0WGOli15NSVSV62yoC-vYRCk%26dib_tag%3Dse%26keywords%3Dhome%2Bappliances%26qid%3D1758708487%26sr%3D8-60-spons%26sp_csd%3Dd2lkZ2V0TmFtZT1zcF9idGY%26psc%3D1
